iter	MultiClass
0	1.007641341
1	0.9750291016
